{
  "best_global_step": null,
  "best_metric": null,
  "best_model_checkpoint": null,
  "epoch": 2.0,
  "eval_steps": 500,
  "global_step": 238,
  "is_hyper_param_search": false,
  "is_local_process_zero": true,
  "is_world_process_zero": true,
  "log_history": [
    {
      "epoch": 0.08421052631578947,
      "grad_norm": 1.3613250255584717,
      "learning_rate": 0.00019491525423728814,
      "loss": 1.0851,
      "step": 10
    },
    {
      "epoch": 0.16842105263157894,
      "grad_norm": 1.013506531715393,
      "learning_rate": 0.00018926553672316386,
      "loss": 0.6842,
      "step": 20
    },
    {
      "epoch": 0.25263157894736843,
      "grad_norm": 1.0433814525604248,
      "learning_rate": 0.00018361581920903956,
      "loss": 0.641,
      "step": 30
    },
    {
      "epoch": 0.3368421052631579,
      "grad_norm": 0.826646625995636,
      "learning_rate": 0.00017796610169491526,
      "loss": 0.5579,
      "step": 40
    },
    {
      "epoch": 0.42105263157894735,
      "grad_norm": 0.8879863619804382,
      "learning_rate": 0.00017231638418079096,
      "loss": 0.5866,
      "step": 50
    },
    {
      "epoch": 0.5052631578947369,
      "grad_norm": 0.9187365174293518,
      "learning_rate": 0.0001666666666666667,
      "loss": 0.5223,
      "step": 60
    },
    {
      "epoch": 0.5894736842105263,
      "grad_norm": 0.6550989151000977,
      "learning_rate": 0.00016101694915254236,
      "loss": 0.5425,
      "step": 70
    },
    {
      "epoch": 0.6736842105263158,
      "grad_norm": 1.0811467170715332,
      "learning_rate": 0.0001553672316384181,
      "loss": 0.5176,
      "step": 80
    },
    {
      "epoch": 0.7578947368421053,
      "grad_norm": 0.8022862672805786,
      "learning_rate": 0.00014971751412429381,
      "loss": 0.4819,
      "step": 90
    },
    {
      "epoch": 0.8421052631578947,
      "grad_norm": 0.9415989518165588,
      "learning_rate": 0.00014406779661016949,
      "loss": 0.4847,
      "step": 100
    },
    {
      "epoch": 0.9263157894736842,
      "grad_norm": 0.9390437602996826,
      "learning_rate": 0.0001384180790960452,
      "loss": 0.4924,
      "step": 110
    },
    {
      "epoch": 1.0084210526315789,
      "grad_norm": 0.8602920770645142,
      "learning_rate": 0.0001327683615819209,
      "loss": 0.4745,
      "step": 120
    },
    {
      "epoch": 1.0926315789473684,
      "grad_norm": 0.8074160218238831,
      "learning_rate": 0.0001271186440677966,
      "loss": 0.4914,
      "step": 130
    },
    {
      "epoch": 1.176842105263158,
      "grad_norm": 1.0912415981292725,
      "learning_rate": 0.00012146892655367232,
      "loss": 0.4956,
      "step": 140
    },
    {
      "epoch": 1.2610526315789474,
      "grad_norm": 1.2846978902816772,
      "learning_rate": 0.00011581920903954804,
      "loss": 0.4866,
      "step": 150
    },
    {
      "epoch": 1.345263157894737,
      "grad_norm": 0.8361945152282715,
      "learning_rate": 0.00011016949152542372,
      "loss": 0.4344,
      "step": 160
    },
    {
      "epoch": 1.4294736842105262,
      "grad_norm": 0.9291208982467651,
      "learning_rate": 0.00010451977401129944,
      "loss": 0.4664,
      "step": 170
    },
    {
      "epoch": 1.5136842105263157,
      "grad_norm": 1.0164377689361572,
      "learning_rate": 9.887005649717515e-05,
      "loss": 0.4764,
      "step": 180
    },
    {
      "epoch": 1.5978947368421053,
      "grad_norm": 0.8067469596862793,
      "learning_rate": 9.322033898305085e-05,
      "loss": 0.4934,
      "step": 190
    },
    {
      "epoch": 1.6821052631578948,
      "grad_norm": 0.9306646585464478,
      "learning_rate": 8.757062146892656e-05,
      "loss": 0.45,
      "step": 200
    },
    {
      "epoch": 1.7663157894736843,
      "grad_norm": 1.1168521642684937,
      "learning_rate": 8.192090395480226e-05,
      "loss": 0.4614,
      "step": 210
    },
    {
      "epoch": 1.8505263157894736,
      "grad_norm": 1.0579031705856323,
      "learning_rate": 7.627118644067796e-05,
      "loss": 0.4322,
      "step": 220
    },
    {
      "epoch": 1.9347368421052633,
      "grad_norm": 0.9836576581001282,
      "learning_rate": 7.062146892655367e-05,
      "loss": 0.4386,
      "step": 230
    }
  ],
  "logging_steps": 10,
  "max_steps": 354,
  "num_input_tokens_seen": 0,
  "num_train_epochs": 3,
  "save_steps": 500,
  "stateful_callbacks": {
    "TrainerControl": {
      "args": {
        "should_epoch_stop": false,
        "should_evaluate": false,
        "should_log": false,
        "should_save": true,
        "should_training_stop": false
      },
      "attributes": {}
    }
  },
  "total_flos": 8.30467838312448e+16,
  "train_batch_size": 4,
  "trial_name": null,
  "trial_params": null
}
