{
  "best_global_step": null,
  "best_metric": null,
  "best_model_checkpoint": null,
  "epoch": 2.0,
  "eval_steps": 500,
  "global_step": 188,
  "is_hyper_param_search": false,
  "is_local_process_zero": true,
  "is_world_process_zero": true,
  "log_history": [
    {
      "epoch": 0.10666666666666667,
      "grad_norm": 1.3095749616622925,
      "learning_rate": 0.00019354838709677422,
      "loss": 0.9871,
      "step": 10
    },
    {
      "epoch": 0.21333333333333335,
      "grad_norm": 0.8805413246154785,
      "learning_rate": 0.0001863799283154122,
      "loss": 0.7351,
      "step": 20
    },
    {
      "epoch": 0.32,
      "grad_norm": 0.7965178489685059,
      "learning_rate": 0.00017921146953405018,
      "loss": 0.6357,
      "step": 30
    },
    {
      "epoch": 0.4266666666666667,
      "grad_norm": 0.904308021068573,
      "learning_rate": 0.0001720430107526882,
      "loss": 0.6183,
      "step": 40
    },
    {
      "epoch": 0.5333333333333333,
      "grad_norm": 0.8935210108757019,
      "learning_rate": 0.00016487455197132617,
      "loss": 0.5645,
      "step": 50
    },
    {
      "epoch": 0.64,
      "grad_norm": 1.1046353578567505,
      "learning_rate": 0.00015770609318996418,
      "loss": 0.5527,
      "step": 60
    },
    {
      "epoch": 0.7466666666666667,
      "grad_norm": 0.9584960341453552,
      "learning_rate": 0.00015053763440860216,
      "loss": 0.5317,
      "step": 70
    },
    {
      "epoch": 0.8533333333333334,
      "grad_norm": 0.9729417562484741,
      "learning_rate": 0.00014336917562724014,
      "loss": 0.5137,
      "step": 80
    },
    {
      "epoch": 0.96,
      "grad_norm": 1.0993963479995728,
      "learning_rate": 0.00013620071684587815,
      "loss": 0.4864,
      "step": 90
    },
    {
      "epoch": 1.064,
      "grad_norm": 0.9694697856903076,
      "learning_rate": 0.00012903225806451613,
      "loss": 0.5076,
      "step": 100
    },
    {
      "epoch": 1.1706666666666667,
      "grad_norm": 1.1696215867996216,
      "learning_rate": 0.00012186379928315412,
      "loss": 0.4956,
      "step": 110
    },
    {
      "epoch": 1.2773333333333334,
      "grad_norm": 1.1282100677490234,
      "learning_rate": 0.00011469534050179211,
      "loss": 0.4952,
      "step": 120
    },
    {
      "epoch": 1.384,
      "grad_norm": 1.1216453313827515,
      "learning_rate": 0.00010752688172043011,
      "loss": 0.4359,
      "step": 130
    },
    {
      "epoch": 1.4906666666666666,
      "grad_norm": 0.8088802695274353,
      "learning_rate": 0.0001003584229390681,
      "loss": 0.5024,
      "step": 140
    },
    {
      "epoch": 1.5973333333333333,
      "grad_norm": 1.0174092054367065,
      "learning_rate": 9.31899641577061e-05,
      "loss": 0.4579,
      "step": 150
    },
    {
      "epoch": 1.704,
      "grad_norm": 1.2723979949951172,
      "learning_rate": 8.60215053763441e-05,
      "loss": 0.4727,
      "step": 160
    },
    {
      "epoch": 1.8106666666666666,
      "grad_norm": 1.0595353841781616,
      "learning_rate": 7.885304659498209e-05,
      "loss": 0.4608,
      "step": 170
    },
    {
      "epoch": 1.9173333333333333,
      "grad_norm": 1.0468637943267822,
      "learning_rate": 7.168458781362007e-05,
      "loss": 0.4563,
      "step": 180
    }
  ],
  "logging_steps": 10,
  "max_steps": 279,
  "num_input_tokens_seen": 0,
  "num_train_epochs": 3,
  "save_steps": 500,
  "stateful_callbacks": {
    "TrainerControl": {
      "args": {
        "should_epoch_stop": false,
        "should_evaluate": false,
        "should_log": false,
        "should_save": true,
        "should_training_stop": false
      },
      "attributes": {}
    }
  },
  "total_flos": 6.5563250393088e+16,
  "train_batch_size": 4,
  "trial_name": null,
  "trial_params": null
}
